#genome,sample_6,sample_7,sample_8,sample_13,sample_14,sample_15,sample_16,sample_17,sample_18,sample_19
OTU_97.21068.0,1.4179,0.3905,0.0000,0.0000,0.0000,0.0000,1.6318,0.3905,0.0000,0.0000
OTU_97.360.0,0.3871,0.0000,0.0000,0.0000,0.0000,0.0000,0.3871,0.0000,0.0000,0.0000
OTU_97.44228.0,7.5783,87.6600,13.1089,28.6166,25.1856,10.2906,37.3140,104.9891,13.1089,49.1341
OTU_97.38344.1,1.9753,0.0000,0.0000,0.0000,0.0000,0.0000,2.2735,0.0000,8.8969,0.0000
OTU_97.28595.0,7.5782,2.0872,7.8652,0.0000,0.0000,0.0000,9.8654,2.0872,7.8652,0.0000
OTU_97.17212.1,0.9032,0.0000,0.0000,0.0000,0.3752,0.0000,0.9032,0.0000,0.0000,0.0000
OTU_97.23623.1,0.3480,0.0000,0.0000,0.0000,0.0000,0.0000,0.3480,0.0000,0.0000,0.0000
OTU_97.43673.0,0.1697,0.0000,0.0587,0.0000,0.0000,0.0000,0.1697,0.0000,0.4408,0.0000
OTU_97.26568.0,1.6517,0.0000,0.0000,0.6237,0.6861,1.1214,2.1502,0.0000,2.4797,0.0000
OTU_97.31370.0,7.5784,6.2615,2.6218,0.0000,3.1483,2.5727,20.1590,17.8144,8.3106,6.1418
OTU_97.3995.0,0.8769,0.0000,0.0000,0.0000,0.0000,0.0000,0.8769,0.0000,0.0000,0.0000
OTU_97.2889.0,0.3812,0.3149,0.0000,0.0000,0.3166,0.0000,0.3812,0.3149,0.0000,0.0000
OTU_97.43673.1,7.4085,0.0000,2.5630,0.0000,0.0000,0.0000,7.4085,0.0000,19.2471,0.0000
OTU_97.23667.0,2.1663,1.9091,11.6910,1.6359,2.6997,0.7354,2.2970,10.1647,16.5692,2.7212
OTU_97.37108.0,7.5773,0.0000,0.0000,0.0000,0.0000,0.0000,7.5773,0.0000,0.0000,0.0000
OTU_97.21068.1,6.1605,1.6967,0.0000,0.0000,0.0000,0.0000,7.0901,1.6967,0.0000,0.0000
OTU_97.2518.0,7.5781,0.0000,0.0000,0.0000,0.0000,0.0000,7.5781,0.0000,0.0000,0.0000
OTU_97.39365.1,7.0694,0.0000,0.0000,1.3348,1.4684,0.0000,8.1363,0.0000,2.6534,0.0000
OTU_97.25956.0,7.5784,0.0000,0.0000,0.0000,0.0000,0.0000,7.5784,0.0000,0.0000,0.0000
OTU_97.43496.0,13.9454,13.4270,4.8200,2.6338,0.0000,0.0000,19.2026,13.4270,4.8200,16.9739
OTU_97.45053.1,0.4289,0.8505,0.1186,0.1943,0.3564,0.1164,0.6878,1.3081,0.1186,0.4867
OTU_97.23363.0,7.5785,0.0000,0.0000,0.0000,0.0000,0.0000,7.5785,0.0000,0.0000,0.0000
OTU_97.39365.0,8.0873,0.0000,0.0000,1.5269,1.6798,0.0000,9.3077,0.0000,3.0355,0.0000
OTU_97.13959.0,7.5782,0.0000,0.0000,0.0000,0.0000,2.5725,7.5782,0.0000,0.0000,0.0000
OTU_97.18522.0,7.5784,0.0000,0.0000,0.0000,0.0000,0.0000,7.5784,0.0000,0.0000,0.0000
OTU_97.38908.1,7.5536,0.0000,0.0000,2.8524,0.0000,2.5643,10.9735,0.0000,0.0000,0.0000
OTU_97.3838.0,7.5787,0.0000,0.0000,2.8618,0.0000,0.0000,7.5787,0.0000,0.0000,0.0000
OTU_97.39998.0,7.5784,6.2615,20.9745,8.5851,3.1482,2.5726,7.5784,17.8144,20.9745,4.6063
OTU_97.143.0,7.5783,0.0000,0.0000,0.0000,9.4446,0.0000,7.5783,0.0000,0.0000,1.5354
OTU_97.42989.0,7.5779,31.3057,0.0000,0.0000,3.1481,2.5726,31.5940,54.4101,0.0000,4.6061
OTU_97.360.1,7.1914,0.0000,0.0000,0.0000,0.0000,0.0000,7.1914,0.0000,0.0000,0.0000
OTU_97.42468.0,7.5789,0.0000,0.0000,0.0000,0.0000,0.0000,7.5789,0.0000,0.0000,0.0000
OTU_97.3995.1,6.7021,0.0000,0.0000,0.0000,0.0000,0.0000,6.7021,0.0000,0.0000,0.0000
OTU_97.42986.0,15.1530,16.6938,5.2423,0.0000,0.0000,15.4321,18.5830,22.4690,5.2423,3.0705
OTU_97.38344.0,5.6027,0.0000,0.0000,0.0000,0.0000,0.0000,6.4483,0.0000,25.2351,0.0000
OTU_97.37887.0,7.5782,2.0871,0.0000,0.0000,258.1512,0.0000,11.0093,2.0871,0.0000,4.6062
OTU_97.39115.0,7.5781,16.6968,49.8126,2.8616,12.5924,2.5725,8.7217,155.3258,157.8968,18.4248
OTU_97.2889.1,7.1972,5.9465,0.0000,0.0000,5.9797,0.0000,7.1972,5.9465,0.0000,0.0000
OTU_97.41293.0,7.5784,0.0000,0.0000,0.0000,0.0000,0.0000,7.5784,0.0000,0.0000,0.0000
OTU_97.38908.0,0.0248,0.0000,0.0000,0.0094,0.0000,0.0084,0.0360,0.0000,0.0000,0.0000
OTU_97.1358.0,7.5782,0.0000,0.0000,0.0000,0.0000,7.7178,7.5782,0.0000,0.0000,0.0000
OTU_97.17212.0,6.6756,0.0000,0.0000,0.0000,2.7732,0.0000,6.6756,0.0000,0.0000,0.0000
OTU_97.5278.0,7.5784,2.0871,0.0000,5.7234,0.0000,0.0000,9.8658,2.0871,17.0666,0.0000
OTU_97.20249.0,7.5781,0.0000,0.0000,0.0000,0.0000,0.0000,8.7218,0.0000,0.0000,0.0000
OTU_97.42948.0,7.5780,10.4355,5.2435,0.0000,0.0000,0.0000,16.7272,27.7640,10.9321,9.2123
OTU_97.32705.0,7.5780,0.0000,2.6216,0.0000,9.4443,0.0000,7.5780,0.0000,2.6216,0.0000
OTU_97.2213.0,7.5352,6.2260,0.0000,2.8454,0.0000,0.0000,7.5352,6.2260,0.0000,3.0535
OTU_97.26178.0,7.5785,0.0000,0.0000,0.0000,0.0000,0.0000,7.5785,0.0000,0.0000,0.0000
OTU_97.31069.0,7.5785,0.0000,0.0000,0.0000,0.0000,0.0000,7.5785,0.0000,0.0000,1.5355
OTU_97.25547.0,7.5782,0.0000,0.0000,0.0000,0.0000,0.0000,7.5782,0.0000,0.0000,0.0000
OTU_97.23623.0,7.2307,0.0000,0.0000,0.0000,0.0000,0.0000,7.2307,0.0000,0.0000,0.0000
OTU_97.26568.1,5.9266,0.0000,0.0000,2.2380,2.4620,4.0239,7.7154,0.0000,8.8979,0.0000
OTU_97.57.0,7.5781,2.0871,0.0000,0.0000,18.8888,0.0000,8.7218,2.0871,5.6887,1.5354
OTU_97.23272.0,7.5779,0.0000,0.0000,8.5846,6.2961,0.0000,9.8652,0.0000,0.0000,3.0707
OTU_97.16729.0,7.5781,0.0000,0.0000,0.0000,0.0000,0.0000,7.5781,0.0000,0.0000,0.0000
OTU_97.1270.0,7.5784,0.0000,0.0000,0.0000,0.0000,0.0000,8.7221,0.0000,0.0000,0.0000
OTU_97.44129.0,7.5781,4.1742,2.6217,11.4463,3.1481,0.0000,17.8709,21.5027,8.3103,4.6061
OTU_97.42502.0,7.5784,18.7844,2.6219,5.7233,6.2965,2.5727,45.3202,30.3372,2.6219,3.0709
OTU_97.44061.0,7.5784,0.0000,0.0000,0.0000,0.0000,0.0000,7.5784,0.0000,0.0000,0.0000
OTU_97.1148.0,7.5784,0.0000,0.0000,0.0000,0.0000,7.7180,7.5784,0.0000,0.0000,0.0000
OTU_97.44565.0,7.5778,22.9569,178.2689,11.4458,0.0000,5.1450,14.4393,161.5798,206.7109,23.0299
OTU_97.45365.0,568.3741,647.0187,233.3404,543.7184,787.0553,319.0079,1015.5559,710.5590,278.8510,683.2754
OTU_97.20226.0,15.1567,0.0000,0.0000,0.0000,0.0000,0.0000,15.1567,0.0000,0.0000,0.0000
OTU_97.42987.0,15.1560,25.0447,0.0000,0.0000,6.2961,46.3055,16.2996,25.0447,5.6886,15.3538
OTU_97.39153.1,14.9980,0.0000,0.0000,0.0000,0.0000,0.0000,14.9980,0.0000,0.0000,0.0000
OTU_97.20.0,447.0969,398.6255,382.7623,165.9682,151.1064,43.7326,491.6983,629.6687,428.2705,165.8196
OTU_97.45053.0,37.4622,74.2864,10.3684,16.9755,31.1254,10.1741,60.0768,114.2630,10.3684,42.5055
OTU_97.45058.0,45.4676,6.2611,0.0000,0.0000,0.0000,2.5724,46.6113,17.8134,34.1313,3.0707
OTU_97.37109.0,30.3130,0.0000,0.0000,0.0000,0.0000,2.5726,31.4567,0.0000,0.0000,0.0000
OTU_97.42878.0,15.1563,4.1742,5.2436,5.7233,3.1481,10.2903,32.3113,9.9504,96.2630,6.1417
OTU_97.44958.0,143.9831,327.6725,18.3520,20.0310,232.9603,30.8706,219.4640,362.3296,143.5018,254.8760
OTU_97.44484.0,22.7346,0.0000,0.0000,82.9876,15.7408,2.5726,25.0219,5.7764,5.6887,3.0709
OTU_97.30560.0,37.8910,0.0000,0.0000,2.8616,0.0000,0.0000,37.8910,0.0000,0.0000,0.0000
OTU_97.44935.0,15.1564,35.4811,0.0000,0.0000,3.1481,5.1452,33.4551,41.2573,0.0000,18.4251
OTU_97.42422.0,143.9835,187.8381,432.5834,125.9097,66.1105,38.5884,179.4366,551.7390,625.9971,119.7613
OTU_97.30766.0,37.6977,14.5353,13.0419,17.0822,3.1321,0.0000,65.0057,72.0036,47.0001,6.1103
OTU_97.36692.0,15.1569,0.0000,0.0000,0.0000,6.2965,0.0000,15.1569,0.0000,0.0000,0.0000
OTU_97.38106.0,75.7787,0.0000,0.0000,8.5846,12.5922,15.4349,128.3852,0.0000,11.3769,13.8182
OTU_97.44294.0,15.1567,6.2615,7.8654,2.8617,6.2965,0.0000,36.8868,29.3671,41.9983,4.6064
OTU_97.39153.0,38.0488,0.0000,0.0000,0.0000,0.0000,0.0000,38.0488,0.0000,0.0000,0.0000
OTU_97.23667.1,35.7236,31.4839,192.8000,26.9794,44.5215,12.1272,37.8801,167.6312,273.2500,44.8756
OTU_97.4676.0,0.0000,2.0875,0.0000,0.0000,0.0000,0.0000,0.0000,2.0875,0.0000,0.0000
OTU_97.42261.0,0.0000,1.5189,0.0000,0.0000,2.2910,1.8721,0.8323,1.5189,0.0000,1.1174
OTU_97.2653.1,0.0000,0.0767,0.0962,0.0000,0.0000,0.0000,0.0000,0.1828,0.2007,0.0283
OTU_97.19690.0,0.0000,2.0558,0.0000,0.0000,0.0000,0.0000,0.0000,2.0558,0.0000,0.0000
OTU_97.2514.0,0.0000,2.0872,0.0000,0.0000,0.0000,0.0000,0.0000,2.0872,5.6887,0.0000
OTU_97.24239.0,0.0000,2.0875,0.0000,0.0000,0.0000,0.0000,0.0000,2.0875,0.0000,0.0000
OTU_97.44265.0,0.0000,1.0453,1.3131,1.4332,0.0000,0.0000,0.0000,12.6174,1.3131,0.0000
OTU_97.16292.0,0.0000,2.0872,0.0000,0.0000,0.0000,0.0000,0.0000,2.0872,0.0000,0.0000
OTU_97.20264.0,0.0000,2.0872,0.0000,0.0000,0.0000,0.0000,0.0000,2.0872,0.0000,0.0000
OTU_97.11468.0,0.0000,2.0871,0.0000,2.8616,0.0000,0.0000,0.0000,2.0871,0.0000,1.5354
OTU_97.45070.0,0.0000,2.0874,0.0000,0.0000,0.0000,0.0000,0.0000,2.0874,0.0000,0.0000
OTU_97.42543.0,0.0000,0.4113,0.5166,0.8458,0.0000,0.2535,0.1126,0.4113,0.5166,0.1513
OTU_97.5805.0,0.0000,2.0871,7.8654,0.0000,0.0000,0.0000,0.0000,7.8634,7.8654,1.5354
OTU_97.27900.0,0.0000,2.0872,0.0000,2.8617,3.1482,2.5727,8.0059,2.0872,0.0000,0.0000
OTU_97.30977.0,0.0000,2.4021,0.0000,0.0000,0.0000,0.0000,0.0000,2.4021,0.0000,0.0000
OTU_97.25442.0,0.0000,2.0872,5.2435,2.8616,0.0000,0.0000,0.0000,2.0872,10.9324,3.0709
OTU_97.17669.0,0.0000,2.0872,0.0000,0.0000,0.0000,0.0000,0.0000,2.0872,0.0000,0.0000
OTU_97.43450.0,0.0000,2.0141,2.5300,0.0000,0.0000,0.0000,0.0000,13.1627,2.5300,0.0000
OTU_97.18640.0,0.0000,2.0871,0.0000,0.0000,0.0000,0.0000,0.0000,2.0871,0.0000,0.0000
OTU_97.41794.0,0.0000,2.0873,0.0000,0.0000,0.0000,0.0000,0.0000,2.0873,0.0000,0.0000
OTU_97.42261.1,0.0000,0.5684,0.0000,0.0000,0.8573,0.7006,0.3115,0.5684,0.0000,0.4181
OTU_97.34565.0,0.0000,2.0870,0.0000,0.0000,3.1481,0.0000,3.4309,7.8632,0.0000,3.0708
OTU_97.42361.0,0.0000,0.5756,0.0000,0.0000,0.0000,0.0000,0.0000,0.5756,0.0000,0.0000
OTU_97.36067.0,0.0000,2.0875,0.0000,0.0000,0.0000,0.0000,0.0000,2.0875,0.0000,0.0000
OTU_97.1418.0,0.0000,2.0874,0.0000,0.0000,0.0000,0.0000,0.0000,2.0874,0.0000,0.0000
OTU_97.27484.0,0.0000,2.0873,0.0000,0.0000,0.0000,0.0000,0.0000,2.0873,0.0000,0.0000
OTU_97.25929.0,0.0000,2.0872,0.0000,0.0000,0.0000,0.0000,1.1437,2.0872,0.0000,1.5354
OTU_97.22130.0,0.0000,2.0873,0.0000,0.0000,0.0000,0.0000,1.1438,2.0873,0.0000,0.0000
OTU_97.34227.0,0.0000,2.0872,0.0000,0.0000,0.0000,0.0000,0.0000,2.0872,0.0000,0.0000
OTU_97.21263.0,0.0000,2.0874,0.0000,0.0000,0.0000,0.0000,0.0000,2.0874,0.0000,1.5356
OTU_97.5114.0,0.0000,0.8108,0.0000,0.0000,0.0000,0.0000,0.0000,0.8108,0.0000,0.0000
OTU_97.43059.0,0.0000,0.6220,0.0000,0.0000,0.0000,0.0000,0.0000,0.6220,0.0000,0.1526
OTU_97.43495.0,0.0000,0.5348,0.0000,0.0000,0.0000,0.0000,0.0000,0.5348,0.0000,0.0000
OTU_97.42865.1,0.0000,1.4436,0.0000,0.0000,0.0000,0.0000,0.0000,3.4413,0.0000,0.0000
OTU_97.34839.0,0.0000,2.0870,2.6217,0.0000,0.0000,0.0000,0.0000,2.0870,2.6217,0.0000
OTU_97.27554.0,0.0000,1.8789,2.3602,0.0000,0.0000,2.3159,3.0887,1.8789,2.3602,2.7644
OTU_97.42865.0,0.0000,2.7301,0.0000,0.0000,0.0000,0.0000,0.0000,6.5063,0.0000,0.0000
OTU_97.5254.0,0.0000,2.0872,0.0000,0.0000,9.4446,0.0000,0.0000,7.8636,0.0000,0.0000
OTU_97.15358.0,0.0000,2.0874,0.0000,0.0000,0.0000,0.0000,2.2877,2.0874,0.0000,0.0000
OTU_97.23.1,0.0000,1.9702,9.8996,5.4027,2.9719,0.0000,0.0000,18.3284,9.8996,4.3483
OTU_97.34783.0,0.0000,2.0872,2.6220,0.0000,0.0000,0.0000,0.0000,2.0872,2.6220,0.0000
OTU_97.42543.1,0.0000,3.7631,4.7270,7.7392,0.0000,2.3192,1.0310,3.7631,4.7270,1.3842
OTU_97.29976.0,0.0000,2.0872,0.0000,0.0000,0.0000,0.0000,2.2874,2.0872,5.6890,0.0000
OTU_97.17408.0,0.0000,1.7783,2.2339,0.0000,0.0000,0.0000,0.0000,1.7783,2.2339,0.0000
OTU_97.8597.0,0.0000,0.1627,0.0000,0.0000,0.0000,0.0000,0.0000,0.1627,0.0000,0.0000
OTU_97.6437.0,0.0000,2.0872,0.0000,2.8617,3.1482,5.1453,0.0000,2.0872,0.0000,0.0000
OTU_97.3422.0,0.0000,2.0874,0.0000,0.0000,0.0000,0.0000,0.0000,2.0874,0.0000,0.0000
OTU_97.22835.0,0.0000,2.0871,0.0000,0.0000,3.1482,0.0000,0.0000,2.0871,0.0000,0.0000
OTU_97.5114.1,0.0000,1.2770,0.0000,0.0000,0.0000,0.0000,0.0000,1.2770,0.0000,0.0000
OTU_97.34560.0,0.0000,2.0872,5.2437,0.0000,0.0000,0.0000,1.1437,2.0872,5.2437,3.0709
OTU_97.20752.0,0.0000,2.0870,2.6217,0.0000,3.1480,0.0000,0.0000,7.8632,2.6217,0.0000
OTU_97.34522.0,0.0000,1.4439,0.0000,1.9797,0.0000,0.0000,0.7912,5.4401,0.0000,5.3113
OTU_97.34522.1,0.0000,0.6433,0.0000,0.8820,0.0000,0.0000,0.3524,2.4236,0.0000,2.3661
OTU_97.13074.0,0.0000,2.0871,0.0000,0.0000,0.0000,0.0000,3.4310,2.0871,0.0000,0.0000
OTU_97.44550.0,0.0000,2.0872,7.8655,0.0000,0.0000,0.0000,30.8799,2.0872,19.2432,0.0000
OTU_97.44911.0,0.0000,4.1742,0.0000,0.0000,0.0000,0.0000,0.0000,4.1742,0.0000,1.5354
OTU_97.27554.1,0.0000,0.2083,0.2616,0.0000,0.0000,0.2568,0.3424,0.2083,0.2616,0.3064
OTU_97.41052.0,0.0000,2.0873,0.0000,0.0000,0.0000,0.0000,0.0000,2.0873,0.0000,1.5356
OTU_97.30064.1,0.0000,0.5932,0.0000,0.0000,0.0000,0.0000,0.0000,0.5932,0.0000,0.0000
OTU_97.4320.0,0.0000,2.0874,0.0000,0.0000,0.0000,0.0000,0.0000,2.0874,0.0000,0.0000
OTU_97.643.0,0.0000,2.0863,0.0000,0.0000,0.0000,0.0000,0.0000,2.0863,0.0000,1.5350
OTU_97.44036.0,0.0000,2.0871,0.0000,0.0000,9.4447,66.8887,1.1437,2.0871,0.0000,0.0000
OTU_97.22166.0,0.0000,2.0872,0.0000,0.0000,0.0000,0.0000,0.0000,2.0872,0.0000,0.0000
OTU_97.8597.1,0.0000,1.9245,0.0000,0.0000,0.0000,0.0000,0.0000,1.9245,0.0000,0.0000
OTU_97.44267.0,0.0000,0.6346,0.0000,0.0000,0.0000,0.0000,0.6955,2.3911,0.0000,0.9338
OTU_97.17113.0,0.0000,2.0871,2.6218,0.0000,0.0000,0.0000,0.0000,7.8636,2.6218,0.0000
OTU_97.9536.0,0.0000,2.0873,0.0000,0.0000,0.0000,0.0000,1.1437,2.0873,0.0000,0.0000
OTU_97.30064.0,0.0000,1.4943,0.0000,0.0000,0.0000,0.0000,0.0000,1.4943,0.0000,0.0000
OTU_97.38677.0,0.0000,2.0872,0.0000,0.0000,0.0000,0.0000,0.0000,2.0872,0.0000,0.0000
OTU_97.34669.0,0.0000,2.0874,0.0000,0.0000,0.0000,0.0000,0.0000,2.0874,0.0000,0.0000
OTU_97.35864.0,0.0000,2.0871,13.1091,2.8617,0.0000,0.0000,0.0000,25.1928,13.1091,0.0000
OTU_97.8334.0,0.0000,2.0871,0.0000,0.0000,0.0000,0.0000,77.7670,2.0871,0.0000,0.0000
OTU_97.41776.1,0.0000,1.9769,0.0000,0.0000,0.0000,0.0000,0.0000,1.9769,0.0000,0.0000
OTU_97.28049.0,0.0000,2.0874,0.0000,0.0000,3.1485,0.0000,0.0000,2.0874,0.0000,0.0000
OTU_97.41189.0,0.0000,4.1743,2.6218,0.0000,31.4826,0.0000,3.4311,4.1743,2.6218,0.0000
OTU_97.25.0,0.0000,2.0873,0.0000,0.0000,0.0000,0.0000,0.0000,2.0873,0.0000,0.0000
OTU_97.5735.0,0.0000,2.0873,0.0000,0.0000,0.0000,0.0000,0.0000,2.0873,0.0000,1.5356
OTU_97.27262.0,0.0000,0.0663,0.0000,0.0000,0.0000,0.0000,0.0364,0.0663,0.0000,0.0000
OTU_97.19991.0,0.0000,2.0872,0.0000,0.0000,3.1483,0.0000,0.0000,2.0872,0.0000,0.0000
OTU_97.44267.1,0.0000,1.4527,0.0000,0.0000,0.0000,0.0000,1.5920,5.4730,0.0000,2.1373
OTU_97.6712.1,0.0000,1.1039,0.0000,0.0000,0.0000,0.0000,0.0000,1.1039,0.0000,0.0000
OTU_97.23306.0,0.0000,2.0873,0.0000,0.0000,0.0000,0.0000,0.0000,2.0873,0.0000,0.0000
OTU_97.34782.0,0.0000,0.0814,0.0113,0.0000,0.0136,0.0000,0.0049,0.0814,0.0113,0.0000
OTU_97.22593.0,0.0000,2.0340,2.5551,0.0000,0.0000,0.0000,0.0000,24.5514,2.5551,0.0000
OTU_97.23.0,0.0000,0.1168,0.5872,0.3205,0.1762,0.0000,0.0000,1.0871,0.5872,0.2579
OTU_97.22123.1,0.0000,2.0837,0.0000,0.0000,0.0000,0.0000,0.0000,2.0837,0.0000,0.0000
OTU_97.28231.0,0.0000,2.0871,2.6217,0.0000,0.0000,0.0000,1.1436,2.0871,2.6217,0.0000
OTU_97.42361.1,0.0000,1.5117,0.0000,0.0000,0.0000,0.0000,0.0000,1.5117,0.0000,0.0000
OTU_97.42504.0,0.0000,2.0871,0.0000,0.0000,0.0000,0.0000,0.0000,2.0871,0.0000,0.0000
OTU_97.17727.0,0.0000,2.0870,0.0000,0.0000,0.0000,0.0000,0.0000,13.6392,0.0000,16.8891
OTU_97.45322.0,0.0000,2.0871,0.0000,0.0000,0.0000,0.0000,0.0000,13.6393,0.0000,0.0000
OTU_97.23793.0,0.0000,2.0876,0.0000,0.0000,0.0000,0.0000,0.0000,2.0876,0.0000,0.0000
OTU_97.28883.0,0.0000,2.0871,2.6217,0.0000,0.0000,0.0000,0.0000,2.0871,2.6217,0.0000
OTU_97.43495.1,0.0000,1.5528,0.0000,0.0000,0.0000,0.0000,0.0000,1.5528,0.0000,0.0000
OTU_97.1142.0,0.0000,2.0874,0.0000,0.0000,0.0000,0.0000,1.1439,2.0874,0.0000,0.0000
OTU_97.27262.1,0.0000,2.0212,0.0000,0.0000,0.0000,0.0000,1.1075,2.0212,0.0000,0.0000
OTU_97.21931.0,0.0000,2.0878,0.0000,0.0000,0.0000,0.0000,0.0000,2.0878,0.0000,0.0000
OTU_97.41776.0,0.0000,0.1069,0.0000,0.0000,0.0000,0.0000,0.0000,0.1069,0.0000,0.0000
OTU_97.17899.0,0.0000,2.0874,0.0000,0.0000,0.0000,0.0000,0.0000,2.0874,0.0000,0.0000
OTU_97.17877.0,0.0000,2.0874,0.0000,0.0000,0.0000,0.0000,0.0000,2.0874,0.0000,0.0000
OTU_97.41539.0,0.0000,2.0871,0.0000,0.0000,6.2966,0.0000,5.7186,2.0871,0.0000,1.5355
OTU_97.27056.0,0.0000,2.0872,0.0000,0.0000,0.0000,0.0000,1.1438,2.0872,0.0000,0.0000
OTU_97.837.0,0.0000,1.7330,4.3541,0.0000,0.0000,0.0000,0.0000,6.5294,4.3541,3.8248
OTU_97.2653.0,0.0000,4.0976,5.1472,0.0000,0.0000,0.0000,0.0000,9.7678,10.7315,1.5072
OTU_97.29545.0,0.0000,2.0870,68.1649,8.5848,0.0000,0.0000,0.0000,54.0731,68.1649,9.2124
OTU_97.17408.1,0.0000,0.3091,0.3884,0.0000,0.0000,0.0000,0.0000,0.3091,0.3884,0.0000
OTU_97.2533.0,0.0000,4.1746,0.0000,0.0000,0.0000,0.0000,0.0000,4.1746,0.0000,0.0000
OTU_97.875.0,0.0000,2.0871,0.0000,0.0000,0.0000,0.0000,0.0000,2.0871,0.0000,0.0000
OTU_97.39752.0,0.0000,2.0873,0.0000,0.0000,0.0000,0.0000,0.0000,2.0873,0.0000,3.0712
OTU_97.39679.0,0.0000,4.1734,154.6552,11.4431,0.0000,0.0000,2.2871,27.2734,171.7184,7.6756
OTU_97.837.1,0.0000,0.3541,0.8896,0.0000,0.0000,0.0000,0.0000,1.3339,0.8896,0.7814
OTU_97.19638.0,0.0000,4.1747,0.0000,0.0000,0.0000,0.0000,0.0000,4.1747,0.0000,0.0000
OTU_97.30708.1,0.0000,1.9927,0.0000,0.0000,0.0000,0.0000,0.0000,1.9927,0.0000,0.0000
OTU_97.42206.0,0.0000,4.1537,0.0000,0.0000,3.1297,0.0000,2.2751,4.1537,0.0000,0.0000
OTU_97.18127.0,0.0000,4.1742,0.0000,0.0000,0.0000,0.0000,0.0000,4.1742,0.0000,1.5354
OTU_97.37776.0,0.0000,6.1393,15.4238,2.8058,0.0000,0.0000,1.1214,17.4665,21.0016,6.0219
OTU_97.40389.0,0.0000,4.1726,0.0000,0.0000,0.0000,0.0000,0.0000,4.1726,0.0000,0.0000
OTU_97.38269.0,0.0000,6.2612,2.6217,0.0000,0.0000,0.0000,0.0000,6.2612,2.6217,4.6062
OTU_97.33907.0,0.0000,4.1741,0.0000,0.0000,0.0000,0.0000,0.0000,4.1741,17.0656,1.5354
OTU_97.11425.0,0.0000,6.2617,0.0000,0.0000,0.0000,0.0000,0.0000,6.2617,0.0000,1.5355
OTU_97.43059.1,0.0000,5.6397,0.0000,0.0000,0.0000,0.0000,0.0000,5.6397,0.0000,1.3829
OTU_97.27203.0,0.0000,6.2613,0.0000,0.0000,0.0000,0.0000,0.0000,6.2613,0.0000,3.0708
OTU_97.19369.0,0.0000,4.1746,0.0000,0.0000,0.0000,0.0000,0.0000,4.1746,0.0000,0.0000
OTU_97.37776.1,0.0000,0.1219,0.3063,0.0557,0.0000,0.0000,0.0223,0.3469,0.4171,0.1197
OTU_97.43450.1,0.0000,0.0730,0.0916,0.0000,0.0000,0.0000,0.0000,0.4770,0.0916,0.0000
OTU_97.19690.1,0.0000,0.0317,0.0000,0.0000,0.0000,0.0000,0.0000,0.0317,0.0000,0.0000
OTU_97.22593.1,0.0000,0.0531,0.0666,0.0000,0.0000,0.0000,0.0000,0.6400,0.0666,0.0000
OTU_97.42544.0,0.0000,6.2613,0.0000,0.0000,0.0000,0.0000,0.0000,12.0377,0.0000,1.5354
OTU_97.41224.0,0.0000,6.2616,2.6218,5.7235,0.0000,0.0000,4.5748,6.2616,2.6218,0.0000
OTU_97.45366.0,0.0000,6.2616,0.0000,0.0000,0.0000,0.0000,2.2874,6.2616,0.0000,0.0000
OTU_97.22123.0,0.0000,0.0039,0.0000,0.0000,0.0000,0.0000,0.0000,0.0039,0.0000,0.0000
OTU_97.37402.0,0.0000,18.7839,0.0000,0.0000,0.0000,0.0000,0.0000,18.7839,0.0000,0.0000
OTU_97.34782.1,0.0000,18.7036,2.6105,0.0000,3.1347,0.0000,1.1388,18.7036,2.6105,0.0000
OTU_97.30455.0,0.0000,0.0000,2.6217,2.8616,3.1481,0.0000,0.0000,0.0000,2.6217,0.0000
OTU_97.976.0,0.0000,0.0000,5.2435,0.0000,0.0000,0.0000,0.0000,0.0000,5.2435,1.5353
OTU_97.21866.0,0.0000,0.0000,2.6209,0.0000,3.1473,0.0000,1.1434,0.0000,2.6209,1.5352
OTU_97.30394.0,0.0000,0.0000,2.6215,0.0000,0.0000,0.0000,0.0000,17.3256,2.6215,0.0000
OTU_97.25847.0,0.0000,0.0000,2.6219,0.0000,0.0000,0.0000,1.1437,0.0000,2.6219,0.0000
OTU_97.30063.0,0.0000,0.0000,2.6219,0.0000,0.0000,0.0000,0.0000,5.7765,2.6219,1.5355
OTU_97.37560.0,0.0000,0.0000,2.6217,2.8617,0.0000,2.5725,2.2873,0.0000,8.3104,0.0000
OTU_97.37207.0,0.0000,0.0000,2.6219,0.0000,0.0000,0.0000,0.0000,0.0000,2.6219,0.0000
OTU_97.3142.0,0.0000,0.0000,2.6218,40.0638,0.0000,2.5727,1.1436,0.0000,13.9995,4.6063
OTU_97.36412.0,0.0000,0.0000,2.6217,0.0000,0.0000,0.0000,0.0000,0.0000,8.3104,6.1416
OTU_97.35376.0,0.0000,0.0000,5.2434,5.7232,0.0000,0.0000,0.0000,17.3286,10.9321,1.5354
OTU_97.44957.1,0.0000,0.0000,2.1030,6.8863,0.0000,0.0000,0.0000,0.0000,20.3554,0.0000
OTU_97.934.0,0.0000,0.0000,3.9742,0.0000,0.0000,0.0000,0.0000,0.0000,3.9742,1.1638
OTU_97.16670.0,0.0000,0.0000,2.6220,0.0000,0.0000,0.0000,0.0000,0.0000,2.6220,0.0000
OTU_97.9740.1,0.0000,0.0000,2.1338,60.5557,46.1210,31.4075,15.8241,4.7013,29.9139,19.9948
OTU_97.10271.0,0.0000,0.0000,2.6218,2.8616,0.0000,0.0000,0.0000,0.0000,2.6218,0.0000
OTU_97.31176.0,0.0000,0.0000,0.4872,1.5943,0.5850,1.4341,0.4251,0.0000,0.4872,0.2853
OTU_97.16865.0,0.0000,0.0000,2.6219,0.0000,0.0000,0.0000,0.0000,0.0000,2.6219,0.0000
OTU_97.1441.0,0.0000,0.0000,2.4744,0.0000,0.0000,0.0000,0.0000,0.0000,2.4744,0.0000
OTU_97.33154.0,0.0000,0.0000,2.6220,0.0000,0.0000,0.0000,1.1438,0.0000,2.6220,0.0000
OTU_97.39134.1,0.0000,0.0000,1.5700,0.0000,0.0000,0.0000,0.0000,0.0000,1.5700,0.9193
OTU_97.39134.0,0.0000,0.0000,1.0520,0.0000,0.0000,0.0000,0.0000,0.0000,1.0520,0.6160
OTU_97.43848.0,0.0000,0.0000,5.2436,8.5850,0.0000,0.0000,0.0000,11.5527,5.2436,3.0710
OTU_97.16243.0,0.0000,0.0000,2.6217,0.0000,0.0000,0.0000,0.0000,5.7761,2.6217,0.0000
OTU_97.45303.1,0.0000,0.0000,0.1849,0.0000,0.2217,0.3630,0.0000,0.0000,0.1849,0.1084
OTU_97.43007.1,0.0000,0.0000,1.3836,0.0000,0.0000,0.0000,0.0000,6.0969,1.3836,0.8103
OTU_97.2727.0,0.0000,0.0000,2.6218,8.5849,6.2964,2.5726,4.5747,0.0000,8.3105,0.0000
OTU_97.9740.0,0.0000,0.0000,0.4880,13.8472,10.5464,7.1820,3.6184,1.0750,6.8405,4.5722
OTU_97.934.1,0.0000,0.0000,1.2694,0.0000,0.0000,0.0000,0.0000,0.0000,1.2694,0.3717
OTU_97.31176.1,0.0000,0.0000,2.1347,6.9898,2.5632,6.2839,1.8624,0.0000,2.1347,1.2502
OTU_97.31497.0,0.0000,0.0000,2.6223,0.0000,0.0000,0.0000,0.0000,0.0000,2.6223,0.0000
OTU_97.29715.0,0.0000,0.0000,2.6219,0.0000,0.0000,0.0000,0.0000,0.0000,2.6219,0.0000
OTU_97.41395.0,0.0000,0.0000,3.3900,35.1519,6.1062,4.1581,2.9576,1.8673,5.2290,0.9927
OTU_97.23748.0,0.0000,0.0000,2.6216,5.7231,0.0000,0.0000,3.4309,0.0000,42.4421,6.1416
OTU_97.44957.0,0.0000,0.0000,0.5187,1.6985,0.0000,0.0000,0.0000,0.0000,5.0205,0.0000
OTU_97.21249.0,0.0000,0.0000,2.6218,0.0000,0.0000,0.0000,0.0000,0.0000,2.6218,0.0000
OTU_97.39273.0,0.0000,0.0000,2.6217,8.5845,6.2961,5.1448,2.2872,0.0000,8.3100,0.0000
OTU_97.17666.0,0.0000,0.0000,0.6293,0.0000,0.0000,0.0000,0.0000,1.3863,0.6293,0.0000
OTU_97.14835.1,0.0000,0.0000,0.4130,0.0000,0.0000,0.0000,0.0000,0.0000,0.4130,0.0000
OTU_97.35311.0,0.0000,0.0000,0.9792,0.4275,0.0000,0.0000,0.4271,2.5891,0.9792,0.1147
OTU_97.17726.0,0.0000,0.0000,5.2435,5.7233,0.0000,0.0000,0.0000,0.0000,10.9322,4.6063
OTU_97.27087.0,0.0000,0.0000,2.6224,0.0000,0.0000,0.0000,0.0000,0.0000,2.6224,0.0000
OTU_97.6908.0,0.0000,0.0000,2.6219,0.0000,0.0000,0.0000,0.0000,0.0000,2.6219,0.0000
OTU_97.29547.0,0.0000,0.0000,3.2595,0.0000,0.9785,0.0000,0.0000,1.7954,3.2595,0.4772
OTU_97.43007.0,0.0000,0.0000,1.2383,0.0000,0.0000,0.0000,0.0000,5.4559,1.2383,0.7252
OTU_97.10732.0,0.0000,0.0000,1.2279,0.6701,0.0000,1.2049,0.2678,0.0000,1.2279,0.3596
OTU_97.36305.0,0.0000,0.0000,1.9954,0.0000,2.3959,0.0000,0.0000,4.3960,10.6540,1.1685
OTU_97.41452.1,0.0000,0.0000,2.5775,5.6264,0.0000,2.5290,2.2488,0.0000,8.1700,3.0190
OTU_97.45016.0,0.0000,0.0000,2.6219,0.0000,0.0000,0.0000,0.0000,0.0000,2.6219,0.0000
OTU_97.45181.0,0.0000,0.0000,2.6219,0.0000,0.0000,0.0000,0.0000,0.0000,2.6219,0.0000
OTU_97.21623.0,0.0000,0.0000,2.6220,0.0000,0.0000,0.0000,0.0000,0.0000,2.6220,1.5355
OTU_97.26078.0,0.0000,0.0000,2.6219,0.0000,0.0000,0.0000,0.0000,5.7765,2.6219,0.0000
OTU_97.34944.0,0.0000,0.0000,2.6218,2.8617,3.1482,2.5726,0.0000,0.0000,8.3104,0.0000
OTU_97.45303.0,0.0000,0.0000,2.4358,0.0000,2.9248,4.7811,0.0000,0.0000,2.4358,1.4266
OTU_97.40790.0,0.0000,0.0000,2.6219,0.0000,0.0000,0.0000,0.0000,0.0000,2.6219,0.0000
OTU_97.17666.1,0.0000,0.0000,1.9928,0.0000,0.0000,0.0000,0.0000,4.3905,1.9928,0.0000
OTU_97.33079.0,0.0000,0.0000,2.6223,0.0000,0.0000,0.0000,0.0000,0.0000,2.6223,0.0000
OTU_97.1278.0,0.0000,0.0000,2.6228,0.0000,0.0000,0.0000,0.0000,0.0000,2.6228,0.0000
OTU_97.34194.0,0.0000,0.0000,2.6217,8.5845,3.1480,2.5725,2.2873,5.7760,13.9986,1.5353
OTU_97.30521.1,0.0000,0.0000,2.6093,0.0000,0.0000,0.0000,0.0000,0.0000,2.6093,1.5280
OTU_97.16209.0,0.0000,0.0000,2.6216,2.8616,0.0000,0.0000,0.0000,17.3286,2.6216,0.0000
OTU_97.7659.0,0.0000,0.0000,2.6218,2.8618,0.0000,0.0000,0.0000,0.0000,2.6218,0.0000
OTU_97.14835.0,0.0000,0.0000,4.8309,0.0000,0.0000,0.0000,0.0000,0.0000,4.8309,0.0000
OTU_97.45326.0,0.0000,0.0000,2.6186,0.0000,0.0000,0.0000,0.0000,0.0000,2.6186,1.5349
OTU_97.32946.0,0.0000,0.0000,5.2427,0.0000,0.0000,0.0000,0.0000,0.0000,5.2427,1.5352
OTU_97.41452.0,0.0000,0.0000,0.0444,0.0969,0.0000,0.0435,0.0387,0.0000,0.1407,0.0521
OTU_97.10732.1,0.0000,0.0000,4.0160,2.1918,0.0000,3.9407,0.8760,0.0000,4.0160,1.1760
OTU_97.13996.0,0.0000,0.0000,5.2436,0.0000,0.0000,0.0000,0.0000,0.0000,5.2436,4.6064
OTU_97.44769.0,0.0000,0.0000,5.2432,57.2301,12.5921,10.2900,2.2871,0.0000,79.1934,10.7474
OTU_97.20733.1,0.0000,0.0000,0.0098,0.0000,0.0000,0.0000,0.0000,0.0042,0.0098,0.0000
OTU_97.6073.0,0.0000,0.0000,5.2436,2.8617,0.0000,0.0000,0.0000,11.5526,5.2436,1.5355
OTU_97.32420.0,0.0000,0.0000,5.2437,0.0000,0.0000,0.0000,0.0000,5.7765,5.2437,0.0000
OTU_97.3084.0,0.0000,0.0000,7.8654,2.8617,0.0000,0.0000,0.0000,17.3293,13.5543,1.5354
OTU_97.20271.0,0.0000,0.0000,7.8650,88.7074,18.8883,5.1450,2.2872,0.0000,24.9306,16.8891
OTU_97.41395.1,0.0000,0.0000,7.0972,73.5917,12.7832,8.7052,6.1919,3.9092,10.9471,2.0782
OTU_97.30521.0,0.0000,0.0000,0.0128,0.0000,0.0000,0.0000,0.0000,0.0000,0.0128,0.0075
OTU_97.1906.0,0.0000,0.0000,7.8648,22.8916,6.2959,7.7174,8.0052,5.7760,24.9300,12.2826
OTU_97.34527.0,0.0000,0.0000,7.8653,0.0000,0.0000,0.0000,0.0000,17.3290,7.8653,1.5354
OTU_97.29547.1,0.0000,0.0000,7.2275,0.0000,2.1697,0.0000,0.0000,3.9809,7.2275,1.0582
OTU_97.13253.0,0.0000,0.0000,13.1088,0.0000,0.0000,0.0000,0.0000,0.0000,18.7976,1.5355
OTU_97.39112.0,0.0000,0.0000,13.1091,17.1702,0.0000,0.0000,3.4311,80.8700,35.8646,1.5354
OTU_97.34747.0,0.0000,0.0000,10.4868,0.0000,0.0000,0.0000,0.0000,5.7762,10.4868,0.0000
OTU_97.35197.0,0.0000,0.0000,18.3519,62.9542,22.0365,5.1450,18.2982,5.7761,132.1234,33.7784
OTU_97.35311.1,0.0000,0.0000,12.1290,5.2955,0.0000,0.0000,5.2910,32.0675,12.1290,1.4206
OTU_97.27895.0,0.0000,0.0000,0.0000,2.8617,3.1482,0.0000,2.2875,5.7764,0.0000,0.0000
OTU_97.12168.1,0.0000,0.0000,0.0000,0.2457,0.0000,0.0000,0.0983,0.0000,0.0000,0.0000
OTU_97.27245.0,0.0000,0.0000,0.0000,2.8618,0.0000,0.0000,0.0000,5.7767,0.0000,0.0000
OTU_97.5441.1,0.0000,0.0000,0.0000,2.6837,0.0000,2.4126,0.0000,0.0000,5.3349,0.0000
OTU_97.16658.0,0.0000,0.0000,0.0000,2.8617,0.0000,0.0000,0.0000,0.0000,0.0000,0.0000
OTU_97.5809.0,0.0000,0.0000,0.0000,2.8617,0.0000,0.0000,0.0000,5.7765,0.0000,0.0000
OTU_97.11682.0,0.0000,0.0000,0.0000,2.8619,0.0000,0.0000,0.0000,0.0000,0.0000,0.0000
OTU_97.33110.0,0.0000,0.0000,0.0000,2.8620,0.0000,0.0000,0.0000,0.0000,0.0000,0.0000
OTU_97.30325.0,0.0000,0.0000,0.0000,2.8617,0.0000,0.0000,0.0000,0.0000,0.0000,0.0000
OTU_97.26079.0,0.0000,0.0000,0.0000,2.8617,0.0000,0.0000,0.0000,0.0000,0.0000,0.0000
OTU_97.45057.0,0.0000,0.0000,0.0000,2.8615,0.0000,0.0000,0.0000,0.0000,0.0000,1.5354
OTU_97.33448.0,0.0000,0.0000,0.0000,2.8618,0.0000,0.0000,0.0000,0.0000,0.0000,0.0000
OTU_97.10310.0,0.0000,0.0000,0.0000,0.7605,0.0000,0.0000,0.0000,0.0000,0.0000,0.0000
OTU_97.21430.0,0.0000,0.0000,0.0000,2.8618,0.0000,0.0000,0.0000,0.0000,0.0000,0.0000
OTU_97.12168.0,0.0000,0.0000,0.0000,2.6163,0.0000,0.0000,1.0455,0.0000,0.0000,0.0000
OTU_97.2373.0,0.0000,0.0000,0.0000,2.8618,3.1483,0.0000,1.1437,0.0000,0.0000,0.0000
OTU_97.4925.0,0.0000,0.0000,0.0000,5.9303,1.3048,1.0663,0.9480,0.0000,4.7156,0.0000
OTU_97.36451.0,0.0000,0.0000,0.0000,2.8618,0.0000,0.0000,2.2874,0.0000,0.0000,1.5355
OTU_97.5623.1,0.0000,0.0000,0.0000,1.9405,0.0000,0.0000,0.0000,0.0000,0.0000,0.0000
OTU_97.5441.0,0.0000,0.0000,0.0000,0.1781,0.0000,0.1601,0.0000,0.0000,0.3540,0.0000
OTU_97.12613.0,0.0000,0.0000,0.0000,2.8621,0.0000,0.0000,0.0000,0.0000,0.0000,0.0000
OTU_97.329.1,0.0000,0.0000,0.0000,2.3184,0.0000,18.7578,42.6210,0.0000,9.2175,0.0000
OTU_97.34453.0,0.0000,0.0000,0.0000,2.8616,0.0000,0.0000,1.1437,0.0000,0.0000,1.5355
OTU_97.485.0,0.0000,0.0000,0.0000,0.1102,0.1212,0.0000,0.0440,0.2224,0.0000,0.1182
OTU_97.30524.0,0.0000,0.0000,0.0000,2.8620,0.0000,0.0000,0.0000,0.0000,0.0000,0.0000
OTU_97.485.1,0.0000,0.0000,0.0000,2.7515,3.0270,0.0000,1.0997,5.5540,0.0000,2.9526
OTU_97.34726.0,0.0000,0.0000,0.0000,2.8616,0.0000,0.0000,0.0000,57.7640,0.0000,1.5354
OTU_97.5301.0,0.0000,0.0000,0.0000,2.8616,0.0000,2.5725,2.2873,0.0000,11.3769,6.1414
OTU_97.16272.0,0.0000,0.0000,0.0000,2.7819,0.0000,0.0000,0.0000,0.0000,0.0000,0.0000
OTU_97.31086.0,0.0000,0.0000,0.0000,2.8617,0.0000,0.0000,0.0000,0.0000,0.0000,0.0000
OTU_97.4075.0,0.0000,0.0000,0.0000,2.7264,0.0000,9.8045,0.0000,0.0000,10.8402,0.0000
OTU_97.19857.0,0.0000,0.0000,0.0000,5.7233,0.0000,0.0000,2.2874,0.0000,5.6888,0.0000
OTU_97.5121.0,0.0000,0.0000,0.0000,1.1744,0.0000,0.0000,0.9386,0.0000,0.0000,0.0000
OTU_97.39797.0,0.0000,0.0000,0.0000,5.7235,0.0000,0.0000,0.0000,0.0000,0.0000,0.0000
OTU_97.469.0,0.0000,0.0000,0.0000,2.8618,0.0000,0.0000,0.0000,0.0000,0.0000,0.0000
OTU_97.4075.1,0.0000,0.0000,0.0000,0.1354,0.0000,0.4863,0.0000,0.0000,0.5377,0.0000
OTU_97.5121.1,0.0000,0.0000,0.0000,1.6873,0.0000,0.0000,1.3488,0.0000,0.0000,0.0000
OTU_97.8291.1,0.0000,0.0000,0.0000,2.8344,0.0000,0.0000,1.1328,0.0000,5.6349,0.0000
OTU_97.23850.0,0.0000,0.0000,0.0000,2.8620,0.0000,0.0000,0.0000,0.0000,0.0000,1.5356
OTU_97.5623.0,0.0000,0.0000,0.0000,0.9212,0.0000,0.0000,0.0000,0.0000,0.0000,0.0000
OTU_97.1445.0,0.0000,0.0000,0.0000,2.8500,0.0000,2.5622,0.0000,0.0000,0.0000,0.0000
OTU_97.8291.0,0.0000,0.0000,0.0000,0.0272,0.0000,0.0000,0.0109,0.0000,0.0542,0.0000
OTU_97.16272.1,0.0000,0.0000,0.0000,0.0803,0.0000,0.0000,0.0000,0.0000,0.0000,0.0000
OTU_97.29264.0,0.0000,0.0000,0.0000,0.0526,0.0193,0.0158,0.0000,0.0000,0.0349,0.0187
OTU_97.29264.1,0.0000,0.0000,0.0000,8.5326,3.1289,2.5569,0.0000,0.0000,5.6541,3.0522
OTU_97.1445.1,0.0000,0.0000,0.0000,0.0121,0.0000,0.0110,0.0000,0.0000,0.0000,0.0000
OTU_97.43676.0,0.0000,0.0000,0.0000,17.1697,15.7407,15.4355,1.1437,0.0000,0.0000,0.0000
OTU_97.34865.0,0.0000,0.0000,0.0000,11.4465,0.0000,5.1452,0.0000,0.0000,22.7549,0.0000
OTU_97.971.0,0.0000,0.0000,0.0000,25.7539,0.0000,0.0000,0.0000,0.0000,0.0000,0.0000
OTU_97.9672.0,0.0000,0.0000,0.0000,31.4789,12.5931,5.1454,1.1437,0.0000,5.6889,1.5355
OTU_97.237.0,0.0000,0.0000,0.0000,17.1695,50.3700,12.8629,10.2929,0.0000,0.0000,0.0000
OTU_97.281.0,0.0000,0.0000,0.0000,37.2026,0.0000,0.0000,0.0000,0.0000,0.0000,0.0000
OTU_97.8663.0,0.0000,0.0000,0.0000,0.0000,3.1482,0.0000,1.1437,0.0000,0.0000,0.0000
OTU_97.35317.1,0.0000,0.0000,0.0000,0.0000,1.9254,1.5733,0.0000,0.0000,0.0000,0.0000
OTU_97.21203.0,0.0000,0.0000,0.0000,0.0000,3.1483,0.0000,0.0000,0.0000,0.0000,0.0000
OTU_97.29395.1,0.0000,0.0000,0.0000,0.0000,3.6229,8.8818,0.0000,0.0000,0.0000,0.8835
OTU_97.35317.0,0.0000,0.0000,0.0000,0.0000,1.2231,0.9995,0.0000,0.0000,0.0000,0.0000
OTU_97.8698.0,0.0000,0.0000,0.0000,0.0000,3.1484,0.0000,0.0000,0.0000,0.0000,0.0000
OTU_97.27797.0,0.0000,0.0000,0.0000,0.0000,6.2522,822.5736,0.0000,0.0000,11.2978,57.9373
OTU_97.32295.0,0.0000,0.0000,0.0000,0.0000,2.1788,0.0000,1.1873,0.0000,1.9686,0.0000
OTU_97.22538.1,0.0000,0.0000,0.0000,0.0000,0.6220,0.0000,0.0000,0.0000,0.0000,0.0000
OTU_97.42515.0,0.0000,0.0000,0.0000,0.0000,3.1487,0.0000,0.0000,0.0000,0.0000,0.0000
OTU_97.22538.0,0.0000,0.0000,0.0000,0.0000,2.5269,0.0000,0.0000,0.0000,0.0000,0.0000
OTU_97.29395.0,0.0000,0.0000,0.0000,0.0000,2.6737,6.5547,0.0000,0.0000,0.0000,0.6520
OTU_97.10174.0,0.0000,0.0000,0.0000,0.0000,3.1483,0.0000,0.0000,0.0000,0.0000,0.0000
OTU_97.35498.0,0.0000,0.0000,0.0000,0.0000,3.1486,0.0000,0.0000,0.0000,0.0000,1.5357
OTU_97.29930.0,0.0000,0.0000,0.0000,0.0000,3.1483,0.0000,0.0000,0.0000,0.0000,0.0000
OTU_97.45324.0,0.0000,0.0000,0.0000,0.0000,3.1382,0.0000,1.1401,11.5159,0.0000,0.0000
OTU_97.25019.0,0.0000,0.0000,0.0000,0.0000,3.1481,0.0000,0.0000,0.0000,0.0000,0.0000
OTU_97.3393.1,0.0000,0.0000,0.0000,0.0000,3.1407,2.5659,1.1411,0.0000,0.0000,1.5312
OTU_97.33033.1,0.0000,0.0000,0.0000,0.0000,0.2440,0.0000,0.1773,0.0000,0.0000,0.0000
OTU_97.18880.0,0.0000,0.0000,0.0000,0.0000,3.1484,0.0000,0.0000,0.0000,0.0000,0.0000
OTU_97.32295.1,0.0000,0.0000,0.0000,0.0000,4.1177,0.0000,2.2438,0.0000,3.7204,0.0000
OTU_97.3008.0,0.0000,0.0000,0.0000,0.0000,3.1484,0.0000,0.0000,0.0000,0.0000,0.0000
OTU_97.23196.0,0.0000,0.0000,0.0000,0.0000,3.1482,2.5725,0.0000,0.0000,0.0000,0.0000
OTU_97.21474.0,0.0000,0.0000,0.0000,0.0000,3.1483,0.0000,0.0000,0.0000,0.0000,0.0000
OTU_97.20364.0,0.0000,0.0000,0.0000,0.0000,3.1483,38.5898,0.0000,0.0000,0.0000,0.0000
OTU_97.23441.1,0.0000,0.0000,0.0000,0.0000,3.1191,0.0000,1.1331,0.0000,0.0000,0.0000
OTU_97.24778.0,0.0000,0.0000,0.0000,0.0000,3.1488,0.0000,0.0000,0.0000,0.0000,0.0000
OTU_97.4277.0,0.0000,0.0000,0.0000,0.0000,3.1485,0.0000,0.0000,0.0000,0.0000,0.0000
OTU_97.27797.1,0.0000,0.0000,0.0000,0.0000,0.0442,5.8147,0.0000,0.0000,0.0799,0.4096
OTU_97.33033.0,0.0000,0.0000,0.0000,0.0000,2.9045,0.0000,2.1103,0.0000,0.0000,0.0000
OTU_97.35840.0,0.0000,0.0000,0.0000,0.0000,6.2963,0.0000,0.0000,0.0000,0.0000,0.0000
OTU_97.34740.0,0.0000,0.0000,0.0000,0.0000,3.1482,0.0000,1.1437,0.0000,0.0000,0.0000
OTU_97.7245.0,0.0000,0.0000,0.0000,0.0000,3.1483,0.0000,0.0000,0.0000,0.0000,0.0000
OTU_97.23441.0,0.0000,0.0000,0.0000,0.0000,0.0292,0.0000,0.0107,0.0000,0.0000,0.0000
OTU_97.15438.0,0.0000,0.0000,0.0000,0.0000,6.2963,5.1452,0.0000,0.0000,22.7547,0.0000
OTU_97.45324.1,0.0000,0.0000,0.0000,0.0000,0.0101,0.0000,0.0036,0.0370,0.0000,0.0000
OTU_97.3393.0,0.0000,0.0000,0.0000,0.0000,0.0061,0.0050,0.0021,0.0000,0.0000,0.0030
OTU_97.3540.0,0.0000,0.0000,0.0000,0.0000,9.4444,2.5726,0.0000,0.0000,0.0000,0.0000
OTU_97.40548.0,0.0000,0.0000,0.0000,0.0000,31.4821,0.0000,0.0000,0.0000,0.0000,6.1419
OTU_97.35162.0,0.0000,0.0000,0.0000,0.0000,0.0000,4.4228,0.0000,0.0000,0.0000,0.0000
OTU_97.44537.0,0.0000,0.0000,0.0000,0.0000,0.0000,1.9419,0.0000,0.0000,0.0000,0.0000
OTU_97.26155.0,0.0000,0.0000,0.0000,0.0000,0.0000,2.5726,0.0000,0.0000,0.0000,0.0000
OTU_97.43152.1,0.0000,0.0000,0.0000,0.0000,0.0000,2.4015,1.0676,0.0000,5.3103,0.0000
OTU_97.43528.1,0.0000,0.0000,0.0000,0.0000,0.0000,2.4621,0.0000,0.0000,0.0000,0.0000
OTU_97.43518.0,0.0000,0.0000,0.0000,0.0000,0.0000,2.5726,0.0000,0.0000,5.6888,1.5355
OTU_97.44537.1,0.0000,0.0000,0.0000,0.0000,0.0000,0.6320,0.0000,0.0000,0.0000,0.0000
OTU_97.13391.0,0.0000,0.0000,0.0000,0.0000,0.0000,1.1784,0.5239,0.0000,10.4233,0.0000
OTU_97.38222.0,0.0000,0.0000,0.0000,0.0000,0.0000,2.5727,0.0000,0.0000,0.0000,0.0000
OTU_97.28342.1,0.0000,0.0000,0.0000,0.0000,0.0000,2.5882,1.3424,0.0000,0.9539,0.0000
OTU_97.1836.1,0.0000,0.0000,0.0000,0.0000,0.0000,0.3831,0.0000,0.0000,0.0000,0.0000
OTU_97.455.0,0.0000,0.0000,0.0000,0.0000,0.0000,0.7946,0.0000,0.0000,0.0000,0.0000
OTU_97.23755.0,0.0000,0.0000,0.0000,0.0000,0.0000,2.5730,0.0000,0.0000,0.0000,0.0000
OTU_97.24074.0,0.0000,0.0000,0.0000,0.0000,0.0000,2.5728,0.0000,0.0000,0.0000,0.0000
OTU_97.34818.0,0.0000,0.0000,0.0000,0.0000,0.0000,2.5727,0.0000,0.0000,0.0000,0.0000
OTU_97.11207.0,0.0000,0.0000,0.0000,0.0000,0.0000,2.4976,0.0000,0.0000,0.0000,0.0000
OTU_97.43528.0,0.0000,0.0000,0.0000,0.0000,0.0000,0.1108,0.0000,0.0000,0.0000,0.0000
OTU_97.35168.0,0.0000,0.0000,0.0000,0.0000,0.0000,2.5729,0.0000,0.0000,0.0000,0.0000
OTU_97.6543.0,0.0000,0.0000,0.0000,0.0000,0.0000,2.5729,0.0000,0.0000,0.0000,0.0000
OTU_97.43152.0,0.0000,0.0000,0.0000,0.0000,0.0000,0.1712,0.0761,0.0000,0.3785,0.0000
OTU_97.881.0,0.0000,0.0000,0.0000,0.0000,0.0000,2.5727,0.0000,0.0000,5.6890,0.0000
OTU_97.13391.1,0.0000,0.0000,0.0000,0.0000,0.0000,1.3943,0.6198,0.0000,12.3321,0.0000
OTU_97.2356.0,0.0000,0.0000,0.0000,0.0000,0.0000,2.5730,0.0000,0.0000,0.0000,0.0000
OTU_97.8688.0,0.0000,0.0000,0.0000,0.0000,0.0000,2.5726,0.0000,0.0000,0.0000,0.0000
OTU_97.14114.0,0.0000,0.0000,0.0000,0.0000,0.0000,2.5729,0.0000,0.0000,0.0000,0.0000
OTU_97.42801.1,0.0000,0.0000,0.0000,0.0000,0.0000,0.0697,0.0000,0.0000,0.0000,0.0000
OTU_97.32369.0,0.0000,0.0000,0.0000,0.0000,0.0000,2.5729,0.0000,0.0000,0.0000,0.0000
OTU_97.7619.0,0.0000,0.0000,0.0000,0.0000,0.0000,2.5726,2.2874,0.0000,0.0000,0.0000
OTU_97.3210.0,0.0000,0.0000,0.0000,0.0000,0.0000,2.5728,0.0000,0.0000,0.0000,0.0000
OTU_97.28788.0,0.0000,0.0000,0.0000,0.0000,0.0000,2.5726,0.0000,0.0000,0.0000,0.0000
OTU_97.35162.1,0.0000,0.0000,0.0000,0.0000,0.0000,0.7225,0.0000,0.0000,0.0000,0.0000
OTU_97.2896.0,0.0000,0.0000,0.0000,0.0000,0.0000,2.5729,0.0000,0.0000,0.0000,0.0000
OTU_97.24314.0,0.0000,0.0000,0.0000,0.0000,0.0000,2.5728,0.0000,0.0000,5.6889,6.1419
OTU_97.2102.1,0.0000,0.0000,0.0000,0.0000,0.0000,2.5118,0.0000,0.0000,0.0000,0.0000
OTU_97.11128.1,0.0000,0.0000,0.0000,0.0000,0.0000,2.5259,7.8604,0.0000,0.0000,0.0000
OTU_97.34566.0,0.0000,0.0000,0.0000,0.0000,0.0000,2.5727,4.5749,0.0000,0.0000,0.0000
OTU_97.14639.0,0.0000,0.0000,0.0000,0.0000,0.0000,4.7039,0.0000,0.0000,0.0000,0.0000
OTU_97.42801.0,0.0000,0.0000,0.0000,0.0000,0.0000,2.5032,0.0000,0.0000,0.0000,0.0000
OTU_97.11998.0,0.0000,0.0000,0.0000,0.0000,0.0000,2.5730,0.0000,0.0000,0.0000,0.0000
OTU_97.11207.1,0.0000,0.0000,0.0000,0.0000,0.0000,0.0754,0.0000,0.0000,0.0000,0.0000
OTU_97.6310.0,0.0000,0.0000,0.0000,0.0000,0.0000,5.1458,0.0000,0.0000,0.0000,0.0000
OTU_97.11377.0,0.0000,0.0000,0.0000,0.0000,0.0000,5.1457,0.0000,0.0000,0.0000,0.0000
OTU_97.2102.0,0.0000,0.0000,0.0000,0.0000,0.0000,0.0621,0.0000,0.0000,0.0000,0.0000
OTU_97.27897.0,0.0000,0.0000,0.0000,0.0000,0.0000,5.1454,0.0000,0.0000,5.6889,0.0000
OTU_97.124.0,0.0000,0.0000,0.0000,0.0000,0.0000,5.1454,2.2875,0.0000,0.0000,0.0000
OTU_97.1836.0,0.0000,0.0000,0.0000,0.0000,0.0000,2.1907,0.0000,0.0000,0.0000,0.0000
OTU_97.16860.0,0.0000,0.0000,0.0000,0.0000,0.0000,5.1451,0.0000,17.3283,0.0000,0.0000
OTU_97.11128.0,0.0000,0.0000,0.0000,0.0000,0.0000,0.0471,0.1465,0.0000,0.0000,0.0000
OTU_97.7158.0,0.0000,0.0000,0.0000,0.0000,0.0000,7.7175,9.1482,0.0000,0.0000,0.0000
OTU_97.2652.0,0.0000,0.0000,0.0000,0.0000,0.0000,5.1453,0.0000,0.0000,0.0000,0.0000
OTU_97.28342.0,0.0000,0.0000,0.0000,0.0000,0.0000,12.8471,6.6631,0.0000,4.7347,0.0000
OTU_97.26160.0,0.0000,0.0000,0.0000,0.0000,0.0000,12.8634,1.1437,0.0000,0.0000,0.0000
OTU_97.38092.0,0.0000,0.0000,0.0000,0.0000,0.0000,74.5954,0.0000,0.0000,22.7507,6.1408
OTU_97.1193.0,0.0000,0.0000,0.0000,0.0000,0.0000,15.4356,0.0000,0.0000,0.0000,0.0000
OTU_97.38628.0,0.0000,0.0000,0.0000,0.0000,0.0000,18.0079,0.0000,0.0000,5.6886,0.0000
OTU_97.17325.0,0.0000,0.0000,0.0000,0.0000,0.0000,15.4351,0.0000,0.0000,5.6885,1.5353
OTU_97.35846.0,0.0000,0.0000,0.0000,0.0000,0.0000,28.2975,0.0000,0.0000,0.0000,0.0000
OTU_97.44487.0,0.0000,0.0000,0.0000,0.0000,0.0000,0.0000,4.5738,0.0000,0.0000,0.0000
OTU_97.3219.0,0.0000,0.0000,0.0000,0.0000,0.0000,0.0000,1.1440,0.0000,0.0000,0.0000
OTU_97.44953.0,0.0000,0.0000,0.0000,0.0000,0.0000,0.0000,1.1439,0.0000,0.0000,1.5356
OTU_97.44204.0,0.0000,0.0000,0.0000,0.0000,0.0000,0.0000,1.1437,0.0000,11.3777,0.0000
OTU_97.25526.0,0.0000,0.0000,0.0000,0.0000,0.0000,0.0000,1.1437,0.0000,0.0000,0.0000
OTU_97.7138.1,0.0000,0.0000,0.0000,0.0000,0.0000,0.0000,1.1073,0.0000,0.0000,0.0000
OTU_97.328.0,0.0000,0.0000,0.0000,0.0000,0.0000,0.0000,1.1440,0.0000,0.0000,0.0000
OTU_97.34787.0,0.0000,0.0000,0.0000,0.0000,0.0000,0.0000,1.1448,0.0000,0.0000,0.0000
OTU_97.196.0,0.0000,0.0000,0.0000,0.0000,0.0000,0.0000,3.4311,0.0000,0.0000,0.0000
OTU_97.43143.0,0.0000,0.0000,0.0000,0.0000,0.0000,0.0000,0.6898,0.0000,3.4313,0.0000
OTU_97.16611.0,0.0000,0.0000,0.0000,0.0000,0.0000,0.0000,1.1439,0.0000,0.0000,0.0000
OTU_97.42505.0,0.0000,0.0000,0.0000,0.0000,0.0000,0.0000,1.1443,0.0000,0.0000,0.0000
OTU_97.16181.0,0.0000,0.0000,0.0000,0.0000,0.0000,0.0000,1.1310,0.0000,0.0000,0.0000
OTU_97.23668.1,0.0000,0.0000,0.0000,0.0000,0.0000,0.0000,1.0852,0.0000,0.0000,1.4569
OTU_97.36118.1,0.0000,0.0000,0.0000,0.0000,0.0000,0.0000,0.4426,0.0000,0.0000,0.0000
OTU_97.18496.0,0.0000,0.0000,0.0000,0.0000,0.0000,0.0000,1.1441,0.0000,0.0000,0.0000
OTU_97.42423.0,0.0000,0.0000,0.0000,0.0000,0.0000,0.0000,1.1438,5.7766,0.0000,0.0000
OTU_97.16455.0,0.0000,0.0000,0.0000,0.0000,0.0000,0.0000,1.1439,0.0000,0.0000,0.0000
OTU_97.37712.1,0.0000,0.0000,0.0000,0.0000,0.0000,0.0000,0.7648,0.0000,0.0000,0.0000
OTU_97.43143.1,0.0000,0.0000,0.0000,0.0000,0.0000,0.0000,0.4538,0.0000,2.2575,0.0000
OTU_97.25264.0,0.0000,0.0000,0.0000,0.0000,0.0000,0.0000,1.1444,0.0000,0.0000,0.0000
OTU_97.863.0,0.0000,0.0000,0.0000,0.0000,0.0000,0.0000,1.1449,0.0000,0.0000,0.0000
OTU_97.29427.1,0.0000,0.0000,0.0000,0.0000,0.0000,0.0000,1.1160,0.0000,0.0000,0.0000
OTU_97.32720.0,0.0000,0.0000,0.0000,0.0000,0.0000,0.0000,1.1438,0.0000,0.0000,0.0000
OTU_97.27695.0,0.0000,0.0000,0.0000,0.0000,0.0000,0.0000,3.4312,0.0000,0.0000,0.0000
OTU_97.13842.0,0.0000,0.0000,0.0000,0.0000,0.0000,0.0000,1.1439,0.0000,0.0000,0.0000
OTU_97.36387.0,0.0000,0.0000,0.0000,0.0000,0.0000,0.0000,1.1415,0.0000,0.0000,0.0000
OTU_97.12259.0,0.0000,0.0000,0.0000,0.0000,0.0000,0.0000,1.1438,0.0000,0.0000,0.0000
OTU_97.13480.1,0.0000,0.0000,0.0000,0.0000,0.0000,0.0000,2.0724,0.0000,0.0000,0.0000
OTU_97.28713.0,0.0000,0.0000,0.0000,0.0000,0.0000,0.0000,1.1438,0.0000,0.0000,0.0000
OTU_97.4807.0,0.0000,0.0000,0.0000,0.0000,0.0000,0.0000,1.1441,0.0000,0.0000,0.0000
OTU_97.32701.0,0.0000,0.0000,0.0000,0.0000,0.0000,0.0000,1.1438,0.0000,0.0000,0.0000
OTU_97.44485.1,0.0000,0.0000,0.0000,0.0000,0.0000,0.0000,0.3904,0.0000,0.0000,0.0000
OTU_97.2534.0,0.0000,0.0000,0.0000,0.0000,0.0000,0.0000,1.1438,0.0000,0.0000,0.0000
OTU_97.24.0,0.0000,0.0000,0.0000,0.0000,0.0000,0.0000,2.2874,5.7763,0.0000,3.0709
OTU_97.13449.0,0.0000,0.0000,0.0000,0.0000,0.0000,0.0000,1.1442,0.0000,0.0000,0.0000
OTU_97.45261.0,0.0000,0.0000,0.0000,0.0000,0.0000,0.0000,1.1432,0.0000,0.0000,1.5352
OTU_97.43469.0,0.0000,0.0000,0.0000,0.0000,0.0000,0.0000,1.1073,0.0000,0.0000,0.0000
OTU_97.42067.0,0.0000,0.0000,0.0000,0.0000,0.0000,0.0000,1.1439,0.0000,0.0000,1.5356
OTU_97.42301.0,0.0000,0.0000,0.0000,0.0000,0.0000,0.0000,1.1439,0.0000,0.0000,0.0000
OTU_97.142.0,0.0000,0.0000,0.0000,0.0000,0.0000,0.0000,0.9442,0.0000,0.0000,3.8028
OTU_97.39489.1,0.0000,0.0000,0.0000,0.0000,0.0000,0.0000,1.0185,0.0000,0.0000,0.0000
OTU_97.37691.0,0.0000,0.0000,0.0000,0.0000,0.0000,0.0000,0.7172,0.0000,0.0000,0.0000
OTU_97.5795.1,0.0000,0.0000,0.0000,0.0000,0.0000,0.0000,0.9093,0.0000,0.0000,0.0000
OTU_97.40667.0,0.0000,0.0000,0.0000,0.0000,0.0000,0.0000,1.1437,0.0000,22.7551,3.0708
OTU_97.38845.0,0.0000,0.0000,0.0000,0.0000,0.0000,0.0000,1.1437,0.0000,0.0000,9.2128
OTU_97.38313.0,0.0000,0.0000,0.0000,0.0000,0.0000,0.0000,1.1437,5.7763,0.0000,0.0000
OTU_97.13631.0,0.0000,0.0000,0.0000,0.0000,0.0000,0.0000,2.2874,0.0000,0.0000,0.0000
OTU_97.33933.0,0.0000,0.0000,0.0000,0.0000,0.0000,0.0000,1.1437,0.0000,0.0000,0.0000
OTU_97.10795.0,0.0000,0.0000,0.0000,0.0000,0.0000,0.0000,0.0522,0.0000,0.0000,0.0000
OTU_97.39565.0,0.0000,0.0000,0.0000,0.0000,0.0000,0.0000,1.1437,0.0000,0.0000,0.0000
OTU_97.40587.0,0.0000,0.0000,0.0000,0.0000,0.0000,0.0000,0.0568,0.0000,0.4238,0.0000
OTU_97.2083.0,0.0000,0.0000,0.0000,0.0000,0.0000,0.0000,4.5748,0.0000,0.0000,1.5354
OTU_97.36217.0,0.0000,0.0000,0.0000,0.0000,0.0000,0.0000,1.1440,0.0000,0.0000,0.0000
OTU_97.37418.0,0.0000,0.0000,0.0000,0.0000,0.0000,0.0000,1.1439,0.0000,0.0000,0.0000
OTU_97.34267.0,0.0000,0.0000,0.0000,0.0000,0.0000,0.0000,0.2562,0.0000,0.0000,0.0000
OTU_97.35183.0,0.0000,0.0000,0.0000,0.0000,0.0000,0.0000,3.4312,0.0000,0.0000,0.0000
OTU_97.42560.0,0.0000,0.0000,0.0000,0.0000,0.0000,0.0000,1.1439,0.0000,0.0000,0.0000
OTU_97.22265.0,0.0000,0.0000,0.0000,0.0000,0.0000,0.0000,1.1440,0.0000,0.0000,0.0000
OTU_97.37691.1,0.0000,0.0000,0.0000,0.0000,0.0000,0.0000,0.4269,0.0000,0.0000,0.0000
OTU_97.36526.1,0.0000,0.0000,0.0000,0.0000,0.0000,0.0000,0.8551,0.0000,0.0000,1.1480
OTU_97.44485.0,0.0000,0.0000,0.0000,0.0000,0.0000,0.0000,3.0410,0.0000,0.0000,0.0000
OTU_97.5136.0,0.0000,0.0000,0.0000,0.0000,0.0000,0.0000,1.1439,0.0000,0.0000,0.0000
OTU_97.7138.0,0.0000,0.0000,0.0000,0.0000,0.0000,0.0000,0.0365,0.0000,0.0000,0.0000
OTU_97.23668.0,0.0000,0.0000,0.0000,0.0000,0.0000,0.0000,0.0585,0.0000,0.0000,0.0786
OTU_97.39830.1,0.0000,0.0000,0.0000,0.0000,0.0000,0.0000,0.5383,0.0000,0.0000,0.0000
OTU_97.40587.1,0.0000,0.0000,0.0000,0.0000,0.0000,0.0000,2.2305,0.0000,16.6420,0.0000
OTU_97.30379.0,0.0000,0.0000,0.0000,0.0000,0.0000,0.0000,1.1438,0.0000,0.0000,0.0000
OTU_97.34267.1,0.0000,0.0000,0.0000,0.0000,0.0000,0.0000,0.8878,0.0000,0.0000,0.0000
OTU_97.42844.1,0.0000,0.0000,0.0000,0.0000,0.0000,0.0000,2.0706,0.0000,0.0000,0.0000
OTU_97.16180.0,0.0000,0.0000,0.0000,0.0000,0.0000,0.0000,1.1438,0.0000,0.0000,7.6774
OTU_97.6806.0,0.0000,0.0000,0.0000,0.0000,0.0000,0.0000,2.2872,0.0000,0.0000,0.0000
OTU_97.2839.0,0.0000,0.0000,0.0000,0.0000,0.0000,0.0000,1.1438,0.0000,0.0000,0.0000
OTU_97.36526.0,0.0000,0.0000,0.0000,0.0000,0.0000,0.0000,0.2887,0.0000,0.0000,0.3877
OTU_97.37712.0,0.0000,0.0000,0.0000,0.0000,0.0000,0.0000,0.3792,0.0000,0.0000,0.0000
OTU_97.3591.0,0.0000,0.0000,0.0000,0.0000,0.0000,0.0000,1.1437,0.0000,0.0000,0.0000
OTU_97.39830.0,0.0000,0.0000,0.0000,0.0000,0.0000,0.0000,0.6058,0.0000,0.0000,0.0000
OTU_97.22915.0,0.0000,0.0000,0.0000,0.0000,0.0000,0.0000,1.1440,0.0000,0.0000,0.0000
OTU_97.20771.0,0.0000,0.0000,0.0000,0.0000,0.0000,0.0000,1.1438,0.0000,0.0000,0.0000
OTU_97.142.1,0.0000,0.0000,0.0000,0.0000,0.0000,0.0000,0.1995,0.0000,0.0000,0.8038
OTU_97.4935.0,0.0000,0.0000,0.0000,0.0000,0.0000,0.0000,2.2877,0.0000,0.0000,0.0000
OTU_97.42844.0,0.0000,0.0000,0.0000,0.0000,0.0000,0.0000,0.2172,0.0000,0.0000,0.0000
OTU_97.42285.0,0.0000,0.0000,0.0000,0.0000,0.0000,0.0000,2.2876,0.0000,0.0000,0.0000
OTU_97.10090.0,0.0000,0.0000,0.0000,0.0000,0.0000,0.0000,3.4310,0.0000,0.0000,0.0000
OTU_97.26859.0,0.0000,0.0000,0.0000,0.0000,0.0000,0.0000,3.4310,0.0000,0.0000,0.0000
OTU_97.33665.0,0.0000,0.0000,0.0000,0.0000,0.0000,0.0000,1.1442,0.0000,0.0000,0.0000
OTU_97.41546.0,0.0000,0.0000,0.0000,0.0000,0.0000,0.0000,1.1441,0.0000,0.0000,0.0000
OTU_97.13480.0,0.0000,0.0000,0.0000,0.0000,0.0000,0.0000,0.2157,0.0000,0.0000,0.0000
OTU_97.42691.0,0.0000,0.0000,0.0000,0.0000,0.0000,0.0000,1.1434,0.0000,0.0000,0.0000
OTU_97.3972.0,0.0000,0.0000,0.0000,0.0000,0.0000,0.0000,2.2874,0.0000,0.0000,0.0000
OTU_97.5795.0,0.0000,0.0000,0.0000,0.0000,0.0000,0.0000,0.2348,0.0000,0.0000,0.0000
OTU_97.33210.0,0.0000,0.0000,0.0000,0.0000,0.0000,0.0000,3.4315,0.0000,0.0000,0.0000
OTU_97.8896.0,0.0000,0.0000,0.0000,0.0000,0.0000,0.0000,4.5748,0.0000,0.0000,0.0000
OTU_97.29427.0,0.0000,0.0000,0.0000,0.0000,0.0000,0.0000,0.0282,0.0000,0.0000,0.0000
OTU_97.4793.0,0.0000,0.0000,0.0000,0.0000,0.0000,0.0000,5.7190,0.0000,0.0000,0.0000
OTU_97.39529.1,0.0000,0.0000,0.0000,0.0000,0.0000,0.0000,0.0335,0.0000,0.0000,0.0000
OTU_97.16181.1,0.0000,0.0000,0.0000,0.0000,0.0000,0.0000,0.0133,0.0000,0.0000,0.0000
OTU_97.43469.1,0.0000,0.0000,0.0000,0.0000,0.0000,0.0000,0.0368,0.0000,0.0000,0.0000
OTU_97.6325.0,0.0000,0.0000,0.0000,0.0000,0.0000,0.0000,6.8620,0.0000,0.0000,0.0000
OTU_97.22007.0,0.0000,0.0000,0.0000,0.0000,0.0000,0.0000,8.0061,0.0000,0.0000,1.5354
OTU_97.40059.0,0.0000,0.0000,0.0000,0.0000,0.0000,0.0000,6.8619,0.0000,0.0000,10.7478
OTU_97.36387.1,0.0000,0.0000,0.0000,0.0000,0.0000,0.0000,0.0022,0.0000,0.0000,0.0000
OTU_97.37245.0,0.0000,0.0000,0.0000,0.0000,0.0000,0.0000,19.4427,0.0000,0.0000,0.0000
OTU_97.30649.0,0.0000,0.0000,0.0000,0.0000,0.0000,0.0000,0.0000,1.5245,0.0000,0.0000
OTU_97.23847.1,0.0000,0.0000,0.0000,0.0000,0.0000,0.0000,0.0000,0.9465,0.0000,0.0000
OTU_97.23602.0,0.0000,0.0000,0.0000,0.0000,0.0000,0.0000,0.0000,1.2577,0.0000,0.0000
OTU_97.32764.0,0.0000,0.0000,0.0000,0.0000,0.0000,0.0000,0.0000,0.4064,0.0000,0.0000
OTU_97.23194.0,0.0000,0.0000,0.0000,0.0000,0.0000,0.0000,0.0000,1.2506,0.0000,0.0000
OTU_97.26058.0,0.0000,0.0000,0.0000,0.0000,0.0000,0.0000,0.0000,1.7140,0.0000,0.0000
OTU_97.23194.1,0.0000,0.0000,0.0000,0.0000,0.0000,0.0000,0.0000,4.5263,0.0000,0.0000
OTU_97.43256.1,0.0000,0.0000,0.0000,0.0000,0.0000,0.0000,0.0000,3.4291,0.0000,0.0000
OTU_97.23847.0,0.0000,0.0000,0.0000,0.0000,0.0000,0.0000,0.0000,4.8299,0.0000,0.0000
OTU_97.28969.0,0.0000,0.0000,0.0000,0.0000,0.0000,0.0000,0.0000,3.8514,0.0000,0.0000
OTU_97.14330.0,0.0000,0.0000,0.0000,0.0000,0.0000,0.0000,0.0000,5.7765,0.0000,0.0000
OTU_97.42462.0,0.0000,0.0000,0.0000,0.0000,0.0000,0.0000,0.0000,5.7765,0.0000,3.0709
OTU_97.43256.0,0.0000,0.0000,0.0000,0.0000,0.0000,0.0000,0.0000,2.3475,0.0000,0.0000
OTU_97.32764.1,0.0000,0.0000,0.0000,0.0000,0.0000,0.0000,0.0000,5.3705,0.0000,0.0000
OTU_97.23602.1,0.0000,0.0000,0.0000,0.0000,0.0000,0.0000,0.0000,4.5191,0.0000,0.0000
OTU_97.25556.0,0.0000,0.0000,0.0000,0.0000,0.0000,0.0000,0.0000,5.7763,0.0000,0.0000
OTU_97.24431.0,0.0000,0.0000,0.0000,0.0000,0.0000,0.0000,0.0000,5.7768,0.0000,0.0000
OTU_97.28688.0,0.0000,0.0000,0.0000,0.0000,0.0000,0.0000,0.0000,5.7765,0.0000,3.0709
OTU_97.39633.0,0.0000,0.0000,0.0000,0.0000,0.0000,0.0000,0.0000,5.7764,0.0000,1.5355
OTU_97.29722.0,0.0000,0.0000,0.0000,0.0000,0.0000,0.0000,0.0000,5.7763,0.0000,3.0709
OTU_97.5757.0,0.0000,0.0000,0.0000,0.0000,0.0000,0.0000,0.0000,5.3914,0.0000,0.0000
OTU_97.30561.0,0.0000,0.0000,0.0000,0.0000,0.0000,0.0000,0.0000,5.7765,0.0000,0.0000
OTU_97.8581.0,0.0000,0.0000,0.0000,0.0000,0.0000,0.0000,0.0000,5.7767,0.0000,0.0000
OTU_97.688.0,0.0000,0.0000,0.0000,0.0000,0.0000,0.0000,0.0000,5.7765,0.0000,0.0000
OTU_97.30649.1,0.0000,0.0000,0.0000,0.0000,0.0000,0.0000,0.0000,4.2524,0.0000,0.0000
OTU_97.18437.0,0.0000,0.0000,0.0000,0.0000,0.0000,0.0000,0.0000,11.5527,0.0000,0.0000
OTU_97.44160.0,0.0000,0.0000,0.0000,0.0000,0.0000,0.0000,0.0000,11.5530,0.0000,0.0000
OTU_97.21322.0,0.0000,0.0000,0.0000,0.0000,0.0000,0.0000,0.0000,11.5526,0.0000,0.0000
OTU_97.36605.1,0.0000,0.0000,0.0000,0.0000,0.0000,0.0000,0.0000,0.0000,1.5726,0.0000
OTU_97.26793.0,0.0000,0.0000,0.0000,0.0000,0.0000,0.0000,0.0000,0.0000,5.6890,0.0000
OTU_97.27675.0,0.0000,0.0000,0.0000,0.0000,0.0000,0.0000,0.0000,0.0000,5.6892,0.0000
OTU_97.25545.1,0.0000,0.0000,0.0000,0.0000,0.0000,0.0000,0.0000,0.0000,1.3449,0.3629
OTU_97.25220.0,0.0000,0.0000,0.0000,0.0000,0.0000,0.0000,0.0000,0.0000,5.6890,0.0000
OTU_97.13257.0,0.0000,0.0000,0.0000,0.0000,0.0000,0.0000,0.0000,0.0000,5.6887,0.0000
OTU_97.11895.0,0.0000,0.0000,0.0000,0.0000,0.0000,0.0000,0.0000,0.0000,5.6888,0.0000
OTU_97.16811.0,0.0000,0.0000,0.0000,0.0000,0.0000,0.0000,0.0000,0.0000,5.6890,0.0000
OTU_97.36382.0,0.0000,0.0000,0.0000,0.0000,0.0000,0.0000,0.0000,0.0000,5.6899,0.0000
OTU_97.23341.0,0.0000,0.0000,0.0000,0.0000,0.0000,0.0000,0.0000,0.0000,5.6889,0.0000
OTU_97.25545.0,0.0000,0.0000,0.0000,0.0000,0.0000,0.0000,0.0000,0.0000,4.3443,1.1726
OTU_97.14894.1,0.0000,0.0000,0.0000,0.0000,0.0000,0.0000,0.0000,0.0000,5.6634,0.0000
OTU_97.14894.0,0.0000,0.0000,0.0000,0.0000,0.0000,0.0000,0.0000,0.0000,0.0256,0.0000
OTU_97.30565.0,0.0000,0.0000,0.0000,0.0000,0.0000,0.0000,0.0000,0.0000,5.6892,0.0000
OTU_97.2610.0,0.0000,0.0000,0.0000,0.0000,0.0000,0.0000,0.0000,0.0000,5.6891,0.0000
OTU_97.15792.1,0.0000,0.0000,0.0000,0.0000,0.0000,0.0000,0.0000,0.0000,5.6031,0.0000
OTU_97.15792.0,0.0000,0.0000,0.0000,0.0000,0.0000,0.0000,0.0000,0.0000,0.0873,0.0000
OTU_97.4714.0,0.0000,0.0000,0.0000,0.0000,0.0000,0.0000,0.0000,0.0000,5.6889,0.0000
OTU_97.26792.0,0.0000,0.0000,0.0000,0.0000,0.0000,0.0000,0.0000,0.0000,5.6881,0.0000
OTU_97.7964.0,0.0000,0.0000,0.0000,0.0000,0.0000,0.0000,0.0000,0.0000,11.3776,0.0000
OTU_97.9670.0,0.0000,0.0000,0.0000,0.0000,0.0000,0.0000,0.0000,0.0000,45.5093,0.0000
OTU_97.31969.0,0.0000,0.0000,0.0000,0.0000,0.0000,0.0000,0.0000,0.0000,11.3776,0.0000
OTU_97.12103.0,0.0000,0.0000,0.0000,0.0000,0.0000,0.0000,0.0000,0.0000,17.0665,0.0000
OTU_97.44522.0,0.0000,0.0000,0.0000,0.0000,0.0000,0.0000,0.0000,0.0000,0.0000,1.5358
OTU_97.45050.0,0.0000,0.0000,0.0000,0.0000,0.0000,0.0000,0.0000,0.0000,0.0000,1.5357
OTU_97.45289.0,0.0000,0.0000,0.0000,0.0000,0.0000,0.0000,0.0000,0.0000,0.0000,1.5355
OTU_97.16759.0,0.0000,0.0000,0.0000,0.0000,0.0000,0.0000,0.0000,0.0000,0.0000,1.5355
OTU_97.8702.0,0.0000,0.0000,0.0000,0.0000,0.0000,0.0000,0.0000,0.0000,0.0000,1.5356
OTU_97.24943.0,0.0000,0.0000,0.0000,0.0000,0.0000,0.0000,0.0000,0.0000,0.0000,1.5356
OTU_97.1141.0,0.0000,0.0000,0.0000,0.0000,0.0000,0.0000,0.0000,0.0000,0.0000,1.5354
OTU_97.24216.0,0.0000,0.0000,0.0000,0.0000,0.0000,0.0000,0.0000,0.0000,0.0000,1.5358
OTU_97.1533.0,0.0000,0.0000,0.0000,0.0000,0.0000,0.0000,0.0000,0.0000,0.0000,0.2098
OTU_97.675.0,0.0000,0.0000,0.0000,0.0000,0.0000,0.0000,0.0000,0.0000,0.0000,0.8440
OTU_97.18445.1,0.0000,0.0000,0.0000,0.0000,0.0000,0.0000,0.0000,0.0000,0.0000,1.2300
OTU_97.21293.0,0.0000,0.0000,0.0000,0.0000,0.0000,0.0000,0.0000,0.0000,0.0000,1.5362
OTU_97.26884.1,0.0000,0.0000,0.0000,0.0000,0.0000,0.0000,0.0000,0.0000,0.0000,1.0427
OTU_97.15597.0,0.0000,0.0000,0.0000,0.0000,0.0000,0.0000,0.0000,0.0000,0.0000,1.5354
OTU_97.27922.1,0.0000,0.0000,0.0000,0.0000,0.0000,0.0000,0.0000,0.0000,0.0000,1.4699
OTU_97.42637.0,0.0000,0.0000,0.0000,0.0000,0.0000,0.0000,0.0000,0.0000,0.0000,1.5363
OTU_97.35012.0,0.0000,0.0000,0.0000,0.0000,0.0000,0.0000,0.0000,0.0000,0.0000,1.5356
OTU_97.3273.0,0.0000,0.0000,0.0000,0.0000,0.0000,0.0000,0.0000,0.0000,0.0000,1.5355
OTU_97.38244.0,0.0000,0.0000,0.0000,0.0000,0.0000,0.0000,0.0000,0.0000,0.0000,1.5354
OTU_97.27798.0,0.0000,0.0000,0.0000,0.0000,0.0000,0.0000,0.0000,0.0000,0.0000,3.0711
OTU_97.675.1,0.0000,0.0000,0.0000,0.0000,0.0000,0.0000,0.0000,0.0000,0.0000,0.6917
OTU_97.37734.0,0.0000,0.0000,0.0000,0.0000,0.0000,0.0000,0.0000,0.0000,0.0000,1.5359
OTU_97.7835.0,0.0000,0.0000,0.0000,0.0000,0.0000,0.0000,0.0000,0.0000,0.0000,3.0712
OTU_97.21064.0,0.0000,0.0000,0.0000,0.0000,0.0000,0.0000,0.0000,0.0000,0.0000,1.5355
OTU_97.3586.0,0.0000,0.0000,0.0000,0.0000,0.0000,0.0000,0.0000,0.0000,0.0000,1.5361
OTU_97.32296.0,0.0000,0.0000,0.0000,0.0000,0.0000,0.0000,0.0000,0.0000,0.0000,2.4911
OTU_97.1533.1,0.0000,0.0000,0.0000,0.0000,0.0000,0.0000,0.0000,0.0000,0.0000,1.3260
OTU_97.4724.0,0.0000,0.0000,0.0000,0.0000,0.0000,0.0000,0.0000,0.0000,0.0000,1.5357
OTU_97.38696.0,0.0000,0.0000,0.0000,0.0000,0.0000,0.0000,0.0000,0.0000,0.0000,1.5355
OTU_97.479.0,0.0000,0.0000,0.0000,0.0000,0.0000,0.0000,0.0000,0.0000,0.0000,3.0713
OTU_97.35575.0,0.0000,0.0000,0.0000,0.0000,0.0000,0.0000,0.0000,0.0000,0.0000,1.5354
OTU_97.6154.0,0.0000,0.0000,0.0000,0.0000,0.0000,0.0000,0.0000,0.0000,0.0000,1.5359
OTU_97.24681.0,0.0000,0.0000,0.0000,0.0000,0.0000,0.0000,0.0000,0.0000,0.0000,1.5361
OTU_97.15446.0,0.0000,0.0000,0.0000,0.0000,0.0000,0.0000,0.0000,0.0000,0.0000,1.5356
OTU_97.31496.0,0.0000,0.0000,0.0000,0.0000,0.0000,0.0000,0.0000,0.0000,0.0000,1.5131
OTU_97.17854.0,0.0000,0.0000,0.0000,0.0000,0.0000,0.0000,0.0000,0.0000,0.0000,1.5352
OTU_97.35107.0,0.0000,0.0000,0.0000,0.0000,0.0000,0.0000,0.0000,0.0000,0.0000,1.5355
OTU_97.6092.0,0.0000,0.0000,0.0000,0.0000,0.0000,0.0000,0.0000,0.0000,0.0000,1.5356
OTU_97.23190.0,0.0000,0.0000,0.0000,0.0000,0.0000,0.0000,0.0000,0.0000,0.0000,1.5355
OTU_97.8721.1,0.0000,0.0000,0.0000,0.0000,0.0000,0.0000,0.0000,0.0000,0.0000,0.0919
OTU_97.37453.0,0.0000,0.0000,0.0000,0.0000,0.0000,0.0000,0.0000,0.0000,0.0000,1.5355
OTU_97.25225.0,0.0000,0.0000,0.0000,0.0000,0.0000,0.0000,0.0000,0.0000,0.0000,6.1421
OTU_97.13007.0,0.0000,0.0000,0.0000,0.0000,0.0000,0.0000,0.0000,0.0000,0.0000,1.5357
OTU_97.17394.0,0.0000,0.0000,0.0000,0.0000,0.0000,0.0000,0.0000,0.0000,0.0000,1.5355
OTU_97.27207.0,0.0000,0.0000,0.0000,0.0000,0.0000,0.0000,0.0000,0.0000,0.0000,1.5357
OTU_97.32296.1,0.0000,0.0000,0.0000,0.0000,0.0000,0.0000,0.0000,0.0000,0.0000,0.5800
OTU_97.30373.0,0.0000,0.0000,0.0000,0.0000,0.0000,0.0000,0.0000,0.0000,0.0000,1.5355
OTU_97.14504.1,0.0000,0.0000,0.0000,0.0000,0.0000,0.0000,0.0000,0.0000,0.0000,1.5298
OTU_97.6715.0,0.0000,0.0000,0.0000,0.0000,0.0000,0.0000,0.0000,0.0000,0.0000,1.5356
OTU_97.26884.0,0.0000,0.0000,0.0000,0.0000,0.0000,0.0000,0.0000,0.0000,0.0000,0.4934
OTU_97.8721.0,0.0000,0.0000,0.0000,0.0000,0.0000,0.0000,0.0000,0.0000,0.0000,1.4438
OTU_97.1626.0,0.0000,0.0000,0.0000,0.0000,0.0000,0.0000,0.0000,0.0000,0.0000,1.5359
OTU_97.45114.0,0.0000,0.0000,0.0000,0.0000,0.0000,0.0000,0.0000,0.0000,0.0000,3.0713
OTU_97.4910.0,0.0000,0.0000,0.0000,0.0000,0.0000,0.0000,0.0000,0.0000,0.0000,1.5357
OTU_97.35096.0,0.0000,0.0000,0.0000,0.0000,0.0000,0.0000,0.0000,0.0000,0.0000,4.6064
OTU_97.39384.0,0.0000,0.0000,0.0000,0.0000,0.0000,0.0000,0.0000,0.0000,0.0000,4.6065
OTU_97.17011.0,0.0000,0.0000,0.0000,0.0000,0.0000,0.0000,0.0000,0.0000,0.0000,3.0709
OTU_97.27922.0,0.0000,0.0000,0.0000,0.0000,0.0000,0.0000,0.0000,0.0000,0.0000,0.0658
OTU_97.31496.1,0.0000,0.0000,0.0000,0.0000,0.0000,0.0000,0.0000,0.0000,0.0000,0.0228
OTU_97.5089.0,0.0000,0.0000,0.0000,0.0000,0.0000,0.0000,0.0000,0.0000,0.0000,4.6066
